[
  {
    "id": 1,
    "title": "Como dar banho em cães",
    "image": "assets/tips/banho.jpg",
    "category": "Higiene",
    "summary": "Dicas para banho seguro e saudável.",
    "content": "Use água morna, evite sabão de gente e seque bem após o banho."
  },
  {
    "id": 2,
    "title": "Vacinação obrigatória",
    "image": "assets/tips/vacina.jpg",
    "category": "Saúde",
    "summary": "Seu pet protegido o ano inteiro.",
    "content": "Leve ao veterinário para manter o calendário de vacinas em dia!"
  }
]
